Designator,Quantity,Value,Footprint,Package,MPN,DNP,Mount_Type,Description,Sim.Pins,MF,Description_1,Price,VALUE,SnapEDA_Link,MP,Availability,Check_prices
"C13, C7",2,10uF,C_0805_2012Metric_Pad1.18x1.45mm_HandSolder,,,,smt,,,,,,,,,,
C5,1,100nF,C_0805_2012Metric_Pad1.18x1.45mm_HandSolder,,,,smt,"Unpolarized capacitor, small symbol",,,,,,,,,
D1,1,LED,LED_1206_3216Metric_Pad1.42x1.75mm_HandSolder,,,,smt,Light emitting diode,1=K 2=A,,,,,,,,
D2,1,WS2812B,LED_WS2812B_PLCC4_5.0x5.0mm_P3.2mm,,,,smt,RGB LED with integrated controller,,,,,,,,,
J1,1,Programmer,PinSocket_1x04_P2.54mm_Vertical,,,,smt,"Generic connector, single row, 01x04, script generated",,,,,,,,,
J2,1,USB_C_Receptacle_PowerOnly_6P,USB_C_Receptacle_GCT_USB4125-xx-x_6P_TopMnt_Horizontal,,,,smt,USB Power-Only 6P Type-C Receptacle connector,,,,,,,,,
J4,1,Battery,JST_PH_B2B-PH-K_1x02_P2.00mm_Vertical,,,,tht,"Generic connector, single row, 01x02, script generated",,,,,,,,,
R1,1,330E,R_0805_2012Metric_Pad1.20x1.40mm_HandSolder,,,,smt,Resistor,,,,,,,,,
R19,1,2K,R_0805_2012Metric_Pad1.20x1.40mm_HandSolder,,,,smt,Resistor,,,,,,,,,
R22,1,10K,R_0805_2012Metric_Pad1.20x1.40mm_HandSolder,,,,smt,Resistor,,,,,,,,,
SW1,1,SW_Push,SW_SPST_TS-1088-xR020,,,,smt,"Push button switch, generic, two pins",,,,,,,,,
SW7,1,ON/OFF,SW_SPDT_PCM12,,,,smt,"Switch, single pole double throw",,,,,,,,,
TP1,1,RX,TestPoint_Pad_D1.0mm,,,,tht,test point,,,,,,,,,
TP2,1,TX,TestPoint_Pad_D1.0mm,,,,tht,test point,,,,,,,,,
TP3,1,GND,TestPoint_Pad_D1.0mm,,,,tht,test point,,,,,,,,,
TP4,1,VCC,TestPoint_Pad_D1.0mm,,,,tht,test point,,,,,,,,,
U1,1,MM32G0001A1T,TSSOP20,TSSOP-20 Nuvoton Technology,,,smt,,,Nuvoton Technology,8051 NuMicro MS51 Microcontroller IC 8-Bit 24MHz 16KB (16K x 8) FLASH 20-TSSOP,None,MS51FB9AE,https://www.snapeda.com/parts/MS51FB9AE/Nuvoton/view-part/?ref=snap,MS51FB9AE,In Stock,https://www.snapeda.com/parts/MS51FB9AE/Nuvoton/view-part/?ref=eda
U2,1,NRF24L01_Breakout,nRF24L01_Breakout,,,,tht,"Ultra low power 2.4GHz RF Transceiver, Carrier PCB",,,,,,,,,
U3,1,ME6211C33M5G-N,SOT-23-5_HandSoldering,,C82942,,smt,,,,,,,,,,
U5,1,TP4057,TSOT-23-6,,,,smt,"Constant-current/constant-voltage linear charger for single cell lithium-ion batteries with 2.9V Trickle Charge, 4.5V to 6.5V VDD, -40 to +85 degree Celsius, TSOT-23-6",,,,,,,,,
